11,Lucas,Garcia,lgarcia@example.com,30,Male,Mexico,2023-02-12,2024-10-01
12,Ava,Lopez,alopez@example.com,34,Female,USA,2020-11-08,2024-10-05
13,Daniel,Hernandez,dhernandez@example.com,29,Male,Argentina,2021-04-19,2024-09-30
14,Chloe,Robinson,crobinson@example.com,25,Female,Canada,2022-06-15,2024-10-02
15,Matthew,Walker,mwalker@example.com,42,Male,Australia,2018-12-01,2024-10-09
16,Mia,Hall,mhall@example.com,31,Female,New Zealand,2023-05-25,2024-10-06
17,Joshua,Allen,jallen@example.com,40,Male,South Africa,2020-03-15,2024-10-03
18,Isabella,Young,iyoung@example.com,28,Female,India,2022-10-21,2024-09-28
19,Samuel,Hernandez,sh@example.com,36,Male,Ireland,2019-07-29,2024-10-04
20,Evelyn,Wright,ewright@example.com,33,Female,Spain,2021-01-18,2024-10-13
21,Henry,King,hking@example.com,38,Male,USA,2020-04-22,2024-10-17
22,Lily,Scott,lscott@example.com,27,Female,UK,2023-07-09,2024-09-26
23,Oliver,Green,ogreen@example.com,35,Male,Australia,2021-08-11,2024-10-15
24,Charlotte,Adams,cadams@example.com,29,Female,New Zealand,2022-12-19,2024-10-18
25,James,Mitchell,jmitchell@example.com,44,Male,Canada,2020-02-14,2024-09-22
26,Sophia,Carter,scarter@example.com,32,Female,South Africa,2023-03-07,2024-10-12
27,Michael,Bailey,mb@example.com,39,Male,Ireland,2018-11-30,2024-10-11
28,Emma,Lee,elee@example.com,30,Female,Spain,2021-10-25,2024-09-29
29,Benjamin,Martin,bmartin@example.com,34,Male,USA,2022-05-06,2024-10-16
30,Grace,Torres,gtorres@example.com,31,Female,UK,2023-02-14,2024-10-20
